ID;Att1;Att2;Att3;Att4;Att5;Att6;Att7;Att8;Att9;Att10;Att11;Att12;Att13;Att14;Att15;Att16;Att17;Att18;Att19;Att20;Att21;Att22;Att23;Att24;Att25;Att26;Att27;Att28;Att29;Att30;Att31;Att32;Att33;Att34;Att35;Att36;Att37;Att38;Att39;Att40;Att41;Att42;Att43;Att44;Att45;Att46;Att47;Att48;Att49;Att50;Att51;Att52;Att53;Att54;Att55;Att56;Att57;Att58;Att59;Att60;Att61;Att62;Att63;Att64;Att65;Att66;Att67;Att68;Att69;Att70;Att71;Att72;Att73;Att74;Att75;Att76;Att77;Att78;Att79;Att80;Att81;Att82;Att83;Att84;Att85;Att86;Att87;Att88;Att89;Att90;Att91;Att92;Att93;Att94;Att95;Att96;Att97;Att98;Att99;Att100;Att101;Att102;Att103
1000;0.004168;-0.170975;-0.156748;-0.142151;0.058781;0.026851;0.197719;0.04185;0.066938;-0.056617;-0.02723;-0.137411;0.067776;0.047175;0.155671;0.050766;0.102557;-0.020259;-0.200512;-0.095371;-0.08194;-0.103735;0.093299;0.105475;0.14856;0.085925;0.107879;0.108075;0.085388;0.124026;-0.00365;-0.127376;0.039394;-0.018364;0.050378;0.15719;0.203563;0.111552;0.017907;-0.001126;0.053062;0.140708;0.137118;-0.090282;-0.067809;-0.102396;-0.051758;0.050665;0.007055;0.021674;0.061283;0.083523;0.053235;0.001978;0.077418;0.046762;-0.07573;-0.092787;0.127297;-0.178029;-0.202705;-0.028543;0.032891;0.023189;0.009716;-0.169848;-0.002261;-0.133029;0.082378;-0.21661;0.062425;-0.128243;0.203676;0.143642;0.178602;0.192041;0.154135;-0.175325;-0.133636;0.005524;-0.014981;-0.031946;-0.015114;-0.047175;0.003829;0.010967;-0.006062;-0.02756;-0.019866;-0.024046;-0.025153;-0.009261;-0.025539;0.006166;-0.012976;-0.014259;-0.015024;-0.010747;0.000411;-0.032056;-0.018312;0.030126;0.124722
1001;-0.103956;0.011879;-0.098986;-0.054501;-0.00797;0.049113;-0.03058;-0.077933;-0.080529;-0.016267;-0.215304;-0.009885;-0.155843;-0.059522;-0.098836;-0.071141;-0.023494;-0.0712;0.027767;0.003091;-0.003761;0.0746;0.05308;-0.008138;0.001794;-0.111704;-0.140291;-0.063347;0.066767;-0.167073;-0.095567;-0.047209;0.082206;0.144445;0.086581;-0.11185;-0.08656;0.024942;-0.131539;0.080062;0.345095;-0.090835;-0.072651;0.045934;0.016653;-0.09112;0.024707;-0.058299;0.02721;0.004696;0.013844;0.043541;0.044008;0.03648;0.039348;-0.046261;0.025664;0.016511;0.043803;0.019016;-0.018508;-0.042825;-0.127017;0.383213;0.027688;0.179844;-0.019807;0.031726;-0.086455;0.157766;-0.016577;0.028003;-0.042753;-0.083054;-0.035512;-0.008779;-0.050616;-0.001249;-0.020209;-0.077359;-0.045139;-0.074738;0.051846;0.009323;0.184332;0.420424;-0.090224;-0.090718;-0.035266;-0.046729;0.000575;-0.066023;-0.051916;0.00768;0.027719;-0.085811;0.111123;0.050541;0.027565;-0.063569;-0.041471;-0.079758;0.017161
1002;0.509949;0.401709;0.293799;0.087714;0.011686;-0.006411;-0.006255;0.013646;-0.040666;-0.024447;-0.040576;0.014326;-0.074968;0.141365;-0.015182;0.013691;0.006893;0.003736;-0.020726;-0.044104;-0.052959;-0.085572;-0.061547;-0.029578;0.0277;-0.09431;-0.047721;-0.081589;-0.022846;-0.106684;-0.068873;-0.105225;-0.065414;-0.047722;-0.070723;-0.057425;-0.042024;-0.034122;-0.049606;0.015137;-0.091978;-0.057454;0.039602;0.028388;-0.068859;-0.027863;-0.061797;-0.059999;-0.033393;0.017728;0.097745;0.039449;0.041347;-0.083136;0.052164;0.00081;0.018361;0.03783;-0.029845;-0.031345;0.026966;0.051128;-0.015953;-0.002294;-0.046697;-0.0005;0.034184;-0.033345;-0.00707;-0.002837;0.001422;0.005147;-0.138257;-0.096135;-0.055102;0.00083;-0.047025;-0.002432;0.001711;-0.083572;-0.096943;0.148457;-0.007413;0.130691;-0.032325;0.028612;-0.023051;-0.092214;-0.103336;0.138232;-0.100351;0.140423;0.110074;0.096277;-0.044932;-0.08947;-0.009162;-0.01201;0.308378;-0.028053;0.02671;-0.066565;-0.122352
1003;0.119092;0.004412;-0.002262;0.072254;0.044512;-0.051467;0.074686;-0.00767;0.079438;0.062184;-0.013027;0.045538;0.080412;-0.010042;0.013029;-0.071975;0.089818;-0.016129;0.033105;0.024275;0.040428;0.064248;0.225613;0.176576;0.015501;0.009491;-0.013684;-0.017633;0.085007;-0.056274;-0.088925;-0.062951;0.227151;0.165897;0.150224;0.065105;0.110891;0.048451;0.114726;0.020393;0.025997;0.060515;0.072422;-0.128881;0.039636;-0.016252;0.058923;-0.049495;-0.091221;0.016999;-0.055619;-0.043654;-0.083105;-0.045546;-0.09986;-0.078093;-0.192852;-0.089999;-0.024671;-0.126046;0.052497;-0.092266;-0.090488;0.041994;0.021031;0.069224;-0.098074;-0.098434;0.014228;0.114669;0.164518;0.101039;0.060494;-0.020581;-0.101576;-0.045215;-0.087017;-0.111806;-0.154732;0.302807;0.340027;-0.093332;-0.057848;-0.010558;-0.039194;-0.041628;-0.077455;-0.008553;-0.022404;-0.106131;-0.103067;-0.083059;-0.089064;-0.083809;0.200354;-0.075716;0.196605;0.152758;-0.028484;-0.074207;-0.089227;-0.049913;-0.043893
1004;0.042037;0.007054;-0.069483;0.081015;-0.048207;0.089446;-0.004947;0.064456;-0.133387;0.068878;-0.139371;0.041487;-0.058531;0.021264;-0.101382;0.021015;0.096572;-0.005136;0.111104;-0.008323;0.02021;-0.003967;0.039762;0.006744;-0.04173;-0.174533;-0.101343;-0.115674;0.328511;-0.108945;-0.160748;-0.12029;-0.148308;-0.082882;-0.127218;-0.167186;-0.14321;-0.118028;-0.297516;-0.160082;0.046987;-0.023794;-0.123336;-0.071192;-0.161773;-0.159971;-0.118573;-0.094708;0.021561;0.018012;0.067262;0.078209;0.040831;-0.047518;0.052238;0.015478;0.065499;0.083426;0.155718;0.066596;0.106298;0.092366;0.069543;0.161903;-0.141936;0.0347;-0.078012;0.032215;0.089776;0.117962;0.169422;0.115342;-0.089155;-0.072678;-0.015655;0.069825;0.039744;0.108388;0.095516;0.015942;0.087354;0.176911;-0.062311;0.117205;-0.048277;-0.053679;0.01485;-0.066453;-0.067962;-0.083653;-0.08113;-0.061469;0.023662;-0.060467;0.044351;-0.057209;0.028047;0.029661;-0.050026;0.023248;-0.061539;-0.03516;0.067834
1005;0.003286;-0.023601;-0.023104;-0.064171;-0.017719;-0.11351;-0.035212;-0.077675;-0.024348;-0.012458;0.013203;-0.033329;0.047343;0.03111;0.066102;-0.021335;0.089228;-0.013806;0.030922;0.021081;0.08605;-0.007688;-0.003909;0.023979;-0.011401;0.037614;0.122546;0.074082;0.04591;0.124436;0.124325;0.132139;-0.061852;-0.174536;-0.184804;-0.08282;0.006521;-0.003643;-0.014628;-0.026703;-0.032888;0.024425;0.054528;-0.101401;0.014606;0.026646;0.037999;-0.019444;-0.013074;-0.064601;-0.081504;-0.071366;-0.035875;0.10198;-0.09156;0.017506;-0.025028;-0.048594;-0.017611;0.059662;-0.006563;-0.007014;0.028528;-0.082346;0.30938;0.271756;0.324673;0.267579;-0.093078;-0.146587;-0.124777;-0.231879;0.003766;0.007124;0.052473;0.074151;0.074014;0.026689;0.028306;-0.022753;-0.029017;0.001257;-0.162765;0.095942;0.170988;0.183442;-0.050507;-0.018859;-0.136377;0.116337;0.111394;-0.180056;-0.036899;-0.20002;-0.052056;0.012218;-0.038346;-0.046463;0.114204;0.125139;-0.0126;0.105835;-0.00144
1006;0.076606;-0.025478;0.072419;-0.065383;0.123539;0.12013;0.102248;0.008324;0.094147;-0.014666;0.159352;-0.005371;0.071226;0.110422;0.17914;0.06219;0.109197;-0.141429;-0.179729;-0.035018;-0.013449;0.009843;0.096399;0.020458;0.055086;0.004566;-0.056574;0.015194;-0.038159;-0.047149;-0.053226;-0.012198;0.045641;0.049025;0.074069;0.06395;0.079691;0.026329;0.009623;0.17336;-0.051999;-0.001445;0.038185;-0.181;-0.050994;-0.116329;-0.085794;-0.003214;-0.010565;0.109443;0.073003;0.03711;0.025515;-0.153793;-0.015796;0.020212;-0.018386;0.082409;0.058881;-0.028625;-0.188271;-0.121936;0.072489;-0.04957;0.169555;-0.085764;0.052756;-0.043803;0.12026;-0.012549;-0.106745;-0.034501;0.087775;0.093431;0.090078;-0.031355;0.011194;-0.209306;-0.180997;0.015614;0.015714;-0.123243;-0.093674;0.198816;-0.100384;-0.106521;0.131097;0.183801;0.243689;0.210307;0.197175;-0.106965;0.0466;-0.109926;0.003302;0.024075;0.039718;0.030025;-0.098264;-0.104963;-0.114448;-0.094395;-0.148318
1007;-0.106801;-0.069277;-0.132254;-0.099246;-0.188413;-0.110359;-0.15512;-0.168094;-0.182473;0.023208;-0.130712;-0.079053;-0.171518;-0.064736;-0.153275;-0.070655;0.021343;-0.070272;0.060064;0.067662;0.022577;0.010968;-0.005391;-0.075087;-0.076256;-0.02016;-0.07247;-0.017722;0.016697;-0.054512;-0.003925;0.047992;0.132655;0.119805;0.059088;-0.026662;0.007289;0.017478;0.037296;0.028246;0.022648;0.020323;-0.030252;0.05742;0.030436;-0.051919;-0.027397;-0.000518;-0.003431;0.049034;0.166177;0.176017;0.243175;-0.108587;0.257996;0.212199;-0.004107;-0.01827;-0.16166;-0.037524;-0.071472;-0.025932;0.001865;-0.052415;-0.07602;0.027548;0.050457;0.03124;0.102424;-0.048468;-0.085218;-0.025517;0.004446;0.001622;0.026163;-0.174188;-0.060942;0.038233;0.000925;-0.076198;-0.021789;0.167004;0.109032;0.074937;0.018825;-0.151933;-0.155029;-0.089821;-0.026713;0.164534;0.172943;0.02273;0.015293;0.185214;-0.084224;-0.123843;0.005166;0.149781;0.09954;-0.145246;-0.030507;-0.160804;-0.045927
1008;0.17765;0.136159;0.153211;0.190312;0.158541;0.219521;0.079914;0.232238;0.127932;0.089142;0.214214;0.186596;0.080546;0.214809;0.157049;0.220334;0.103141;0.143783;0.050731;-0.042281;0.017755;-0.022191;-0.035914;-0.052768;-0.029176;-0.086553;-0.04573;-0.08051;-0.090395;-0.067494;-0.051173;-0.013736;0.037043;-0.015615;-0.016112;-0.000904;-0.017557;0.034323;0.041121;0.00506;0.004845;0.034218;0.00503;0.093303;0.108699;0.094873;0.113329;-0.03907;-0.040719;-0.048583;-0.060474;-0.043247;-0.059577;-0.024152;-0.047301;-0.015707;-0.070061;-0.033093;-0.098816;-0.024762;-0.100993;-0.041568;-0.064112;-0.078269;-0.11334;-0.031019;-0.354263;0.004667;-0.104765;-0.286221;-0.067996;-0.047794;-0.000373;-0.037373;-0.004913;-0.009994;-0.115887;0.014361;0.027029;-0.00948;-0.027829;-0.0428;-0.03046;-0.056851;-0.013668;-0.012081;-0.019658;-0.03622;-0.021501;-0.043937;-0.043592;-0.025531;-0.023776;-0.017603;-0.026542;0.074257;-0.023072;0.003242;0.2522;-0.029461;-0.02624;0.006896;0.078088
1009;0.122075;-0.055828;-0.034775;-0.039235;0.075027;0.087308;0.088062;0.122385;0.091848;-0.099132;0.041763;-0.024225;0.118928;0.057956;0.027388;0.163739;-0.015432;-0.008595;-0.086907;-0.093769;-0.078785;0.096019;0.100252;0.008856;-0.04586;-0.087768;-0.106773;-0.053326;-0.058797;-0.196288;-0.104462;-0.150524;0.186878;0.09644;0.13788;0.165071;0.101762;0.05706;-0.022019;-0.025563;0.128242;0.176067;-0.296871;-0.000183;0.040811;-0.039195;0.019562;-0.002056;0.060674;0.153336;0.069484;0.021987;-0.048801;-0.166048;-0.074444;-0.106089;-0.045318;0.096766;0.022171;-0.139521;0.025829;-0.074287;0.004542;0.06771;-0.049911;-0.053006;-0.146744;-0.048638;-0.101439;0.131881;-0.041595;0.073726;0.095581;0.072837;-0.031377;-0.13814;-0.074792;-0.003966;-0.153042;-0.06189;-0.066663;0.01897;0.181895;-0.124112;0.217399;0.050713;-0.068185;-0.095511;0.025485;0.14737;0.117484;-0.030877;-0.036756;-0.102717;0.161406;-0.089552;0.077943;-0.093588;-0.016764;-0.069944;-0.105056;-0.08081;0.031019
1010;0.027604;0.147904;0.040762;-0.062932;0.073776;0.042128;0.035798;-0.032456;-0.023777;0.058981;-0.097121;-0.037276;0.04938;0.08271;0.060235;-0.031702;-0.012944;0.110321;0.215541;-0.157059;-0.080185;-0.064495;-0.192916;-0.182874;-0.185116;-0.183097;-0.017702;-0.145346;-0.077873;-0.033593;-0.070288;-0.028065;-0.001175;0.000075;0.099426;-0.048217;0.005778;-0.072706;-0.16813;-0.114115;-0.288195;-0.048212;-0.007112;0.229669;-0.046082;-0.04699;-0.12;0.027748;-0.185506;-0.165442;-0.12956;-0.078965;-0.016577;0.048946;0.002094;0.131287;-0.075224;-0.06047;0.045415;0.172033;0.068958;0.159794;0.064221;0.047768;-0.012402;0.03712;-0.033801;0.068603;0.049523;0.112135;0.06736;0.039476;-0.112461;0.248138;0.00175;0.13684;0.046967;0.230018;0.226076;-0.019966;-0.007604;0.009893;-0.046488;-0.036091;0.024235;0.015954;-0.031826;-0.027831;0.027852;-0.055722;-0.055347;-0.00783;-0.021877;0.006474;-0.018949;-0.038872;-0.019147;-0.018075;-0.00251;-0.052493;0.030106;0.045039;0.132472
1011;-0.060498;-0.045939;0.005694;-0.00803;-0.053844;-0.14502;-0.120767;-0.204572;-0.135548;-0.223845;-0.108189;-0.090217;-0.122463;-0.123234;-0.071434;-0.121037;-0.059077;-0.094592;0.114935;0.000732;0.111828;0.072532;-0.034335;0.007767;-0.008121;0.037705;0.062995;-0.026497;0.004989;0.046415;0.155065;0.02111;0.099971;-0.001907;-0.086268;-0.003493;0.036707;0.020023;0.110948;0.040556;0.057817;0.000953;0.111093;-0.008567;0.012375;0.166253;0.161308;-0.087218;-0.031724;-0.006697;-0.001611;0.011933;-0.012326;-0.007991;-0.012175;0.040285;-0.046917;-0.051619;-0.011735;0.138401;0.109505;-0.009877;-0.037483;-0.040191;0.3228;0.212229;0.083045;0.082989;-0.109443;-0.07266;-0.133641;-0.122812;-0.088138;0.11068;-0.109603;-0.098466;-0.090319;-0.018818;0.035562;0.106167;-0.125173;-0.027191;0.032676;0.084413;0.17514;0.178014;0.13184;0.074264;0.098555;-0.003369;-0.013126;-0.128986;-0.121102;-0.141026;0.085481;0.151475;-0.120316;-0.119317;0.040945;0.031489;-0.134889;-0.124008;-0.055565
1012;-0.107407;-0.008558;-0.049246;-0.073517;-0.173126;-0.047933;-0.112671;-0.150253;-0.04629;-0.023223;-0.052437;-0.113562;-0.172783;-0.216828;-0.163574;-0.166651;-0.218819;-0.159496;0.083885;0.151606;-0.089255;-0.063333;-0.112656;-0.039296;-0.006815;0.062001;0.032005;0.01841;0.157649;0.100712;0.177624;0.116575;0.036593;-0.062062;-0.153479;-0.129169;-0.086532;-0.040043;0.043426;0.039038;0.094462;0.01004;0.075369;0.19581;0.196829;0.239993;0.223983;-0.004593;-0.068628;-0.015619;0.027057;0.03173;0.00572;-0.103341;0.027698;-0.071155;-0.053766;0.059885;-0.135646;-0.031585;0.061968;-0.064895;-0.091341;-0.155028;0.095373;0.117335;0.134848;0.1242;-0.012303;-0.100071;-0.082942;0.060739;-0.063202;-0.059515;0.089842;0.005355;-0.066996;0.181405;0.116888;0.009084;-0.003271;-0.049065;-0.051682;-0.066114;-0.033993;-0.040884;0.100348;-0.042663;-0.048663;0.028458;0.025231;-0.050218;-0.021907;-0.047155;-0.014162;-0.031422;-0.004289;-0.00742;-0.018176;0.113931;0.011375;-0.008988;0.096542
1013;0.040022;0.055742;-0.039405;0.050275;0.013602;0.050647;0.029556;-0.055486;0.018907;0.095781;0.021203;0.046395;0.043224;0.150822;0.079715;0.025764;0.101918;0.047007;-0.018921;0.110326;0.013359;0.164522;0.18489;0.184762;0.184342;0.227411;0.15391;0.147339;0.114427;0.089452;0.095422;0.127176;-0.023771;-0.015534;0.003627;0.068473;0.13653;0.099869;0.047967;0.022137;0.059514;0.072525;0.040835;0.01458;-0.021534;-0.027298;-0.018364;0.155009;-0.210981;-0.192711;-0.163325;-0.033675;-0.009554;0.051018;0.04112;0.203507;0.019626;-0.182514;0.022388;-0.091138;-0.284726;-0.12567;-0.089787;0.067629;0.159775;-0.03675;-0.008809;-0.103238;0.128525;-0.056561;-0.131403;-0.140104;0.091337;-0.021774;0.040148;0.040602;-0.045943;-0.205321;-0.200038;0.063035;0.025886;-0.054019;-0.043657;-0.080266;-0.020756;-0.018619;-0.02617;-0.051512;-0.044279;-0.062626;-0.062068;-0.037028;0.033366;-0.026321;0.051719;-0.02848;0.078892;0.072595;-0.028857;-0.055217;-0.043145;0.007548;0.133574
1014;-0.096449;0.046531;-0.052701;-0.020124;-0.166082;0.079298;-0.148116;0.068355;-0.064213;0.05836;-0.014423;-0.059671;-0.089284;-0.007239;-0.082862;0.056215;0.038415;-0.013043;0.04311;0.027901;-0.057657;-0.031097;0.063445;0.070263;0.14968;0.010481;-0.017768;0.032691;0.105776;-0.07759;-0.000442;-0.061664;-0.032643;-0.019502;-0.00969;0.084026;-0.150546;-0.055239;-0.064352;-0.071811;-0.194999;0.044431;-0.035769;0.169597;-0.059315;-0.125842;-0.097145;0.045949;0.025611;-0.017452;0.131452;0.176251;0.138923;-0.008055;0.277278;0.246982;0.010493;0.024446;-0.137797;-0.045506;-0.082752;-0.112151;-0.113356;-0.043275;0.047589;-0.005842;-0.083965;0.030394;-0.021588;-0.042246;-0.10835;-0.037285;0.02059;0.103264;0.06575;-0.013245;-0.030221;-0.035428;-0.019797;-0.022898;0.286379;-0.054878;-0.041676;-0.067216;-0.02882;-0.027847;-0.033294;-0.04608;-0.043699;-0.057102;-0.029378;0.434421;-0.04926;-0.033549;-0.038822;0.160094;0.109922;-0.039531;-0.032666;-0.049476;-0.043445;0.148314;-0.138271
1015;-0.194145;-0.08313;-0.094892;-0.046649;-0.137844;0.112074;-0.26929;-0.078088;0.031018;0.050656;-0.091382;0.133081;-0.156543;-0.165285;-0.198917;-0.029314;-0.021261;-0.120924;0.032052;0.095504;0.126309;-0.035256;0.024126;0.181663;0.121345;0.092977;0.062357;0.131164;0.090392;-0.056961;-0.024021;0.189535;0.086856;0.033467;0.059114;-0.028159;0.032914;0.008849;-0.047549;-0.02828;-0.054364;0.061764;0.083955;0.096721;0.014209;-0.11265;0.030555;0.057592;0.045714;-0.036376;0.060666;-0.024771;0.165963;-0.130452;-0.047282;0.042252;0.04485;0.056775;0.094112;-0.123551;-0.010793;-0.013233;-0.067788;0.092934;-0.111923;0.024661;-0.073381;0.160403;0.038319;-0.012191;-0.009593;0.010951;-0.183933;-0.320933;0.022272;-0.201626;-0.339814;0.091085;0.069557;0.030638;-0.022654;-0.037352;-0.025627;-0.051685;0.047609;0.077774;0.002972;-0.031741;-0.022757;-0.034339;-0.037976;-0.007716;-0.034117;-0.01136;-0.004641;-0.01971;0.043736;-0.023105;-0.014454;-0.029527;-0.024613;0.013194;0.098881
1016;0.130601;0.068018;0.191105;-0.003937;0.044457;-0.15091;0.010224;-0.071669;0.054135;0.042311;0.007292;0.088242;0.074419;-0.075424;-0.054123;-0.005516;-0.006274;-0.010307;0.0546;0.02578;-0.000946;-0.146796;-0.002322;-0.053858;-0.100269;-0.12498;0.02871;-0.051005;-0.092948;-0.157291;-0.088106;0.092077;-0.145329;-0.267845;-0.245151;-0.096883;0.005803;-0.012557;0.013012;-0.043395;-0.054915;0.019964;0.059831;0.043002;-0.044839;-0.103446;-0.045579;0.016814;-0.107466;-0.065884;-0.033927;0.09602;-0.102411;0.064612;0.007427;-0.035388;0.024457;0.043924;0.248423;0.165049;0.155701;0.264677;-0.166575;0.242563;-0.126844;-0.035407;-0.186989;-0.084853;0.121611;0.195603;0.213718;0.122175;-0.097601;-0.191342;-0.118503;-0.011539;-0.042958;0.001199;0.061307;-0.02112;-0.043303;-0.051;0.028178;-0.053852;0.001425;-0.014826;-0.033991;-0.028315;-0.036966;-0.02184;-0.015515;-0.020223;-0.024552;0.060528;-0.007703;-0.008479;0.002837;-0.018136;-0.012093;-0.017513;-0.000573;0.043372;0.124652
1017;-0.018454;0.060603;0.07227;0.07788;-0.086323;-0.078543;-0.198041;-0.014758;-0.112972;-0.146407;-0.025857;-0.096086;-0.061599;-0.040123;-0.039163;-0.069181;-0.105587;-0.036067;0.105451;-0.029522;0.163491;0.107148;-0.010426;0.05141;0.021306;-0.036245;-0.017434;-0.025964;0.033987;0.003079;-0.060367;-0.072453;-0.243773;-0.28253;-0.169991;0.036289;0.122743;0.159669;0.092229;-0.002834;0.086605;0.072243;0.168247;0.045495;0.100401;0.103857;0.12027;-0.009531;0.066092;0.041749;0.010577;-0.055626;-0.068902;0.044493;-0.072828;-0.200349;-0.092485;-0.075202;-0.044358;0.094184;0.101472;-0.142354;-0.091283;-0.050309;0.001572;-0.070355;-0.010043;0.018721;-0.050972;-0.013908;-0.077215;-0.149805;0.003466;-0.067649;-0.070164;0.135817;0.226124;0.271301;0.358907;0.021758;-0.069872;-0.007168;-0.046397;0.000447;-0.035673;-0.038769;-0.062004;-0.005048;-0.04932;0.025264;0.087959;0.013719;0.000042;0.032085;-0.068402;-0.035025;0.015635;-0.046591;-0.01354;-0.054662;0.007566;0.015086;0.12838
1018;0.053627;0.086194;-0.048808;0.064847;-0.039971;0.046727;0.02186;0.084702;0.077895;0.031315;0.043681;0.067544;0.116453;0.093862;0.146331;0.034816;0.085027;0.083285;-0.03474;0.12479;0.036329;0.216212;0.159858;0.185194;0.253029;0.093351;0.041047;0.070246;0.156813;0.027064;0.010385;0.049319;0.001358;0.030206;-0.090396;0.000462;0.091048;0.082387;0.081401;0.025313;0.002502;-0.004474;0.057088;0.087448;0.075066;-0.038594;0.014361;0.149614;-0.180311;-0.192024;-0.147207;-0.06874;0.020633;0.043429;0.081008;0.268424;-0.202466;-0.185161;-0.006603;-0.116602;-0.294384;-0.181409;-0.116797;-0.114104;0.159727;0.118973;0.032399;-0.049512;0.006448;-0.063278;-0.101682;-0.138817;0.15026;0.037581;0.038305;0.105041;0.078767;-0.120901;-0.072218;-0.0037;-0.032345;-0.029674;0.002186;-0.050468;-0.011294;-0.00481;-0.003912;-0.045222;-0.017524;-0.05425;-0.054115;-0.027463;-0.044676;-0.016348;0.00362;-0.023337;0.044136;0.043261;-0.020704;-0.037613;-0.004343;0.036871;0.142449
1019;-0.219609;-0.239417;-0.265816;-0.196889;-0.24928;-0.060313;-0.18958;-0.135945;-0.001273;0.026486;-0.033382;-0.059722;-0.063481;-0.123201;-0.0579;0.040791;-0.063352;-0.075843;0.009919;0.167566;0.207268;0.00407;-0.041841;0.070457;0.123193;0.153801;0.099337;0.09803;0.174255;-0.019187;-0.064747;0.060229;-0.021904;-0.018579;0.026433;0.07468;0.044243;-0.030033;-0.040802;-0.04146;-0.003155;0.099749;0.053446;0.06727;-0.014648;-0.065261;-0.019034;0.161263;0.074273;0.026336;0.088898;0.09846;0.207785;-0.014974;0.093018;0.08869;0.080128;0.056116;-0.077849;-0.122427;-0.057664;-0.084207;-0.067745;-0.107812;0.214768;-0.004773;0.088741;0.133546;-0.100568;-0.049529;-0.066013;0.069738;0.101113;0.017629;0.016936;-0.010564;-0.02101;-0.095418;-0.244405;-0.030579;0.031621;-0.052137;-0.053214;-0.08592;-0.0435;-0.000669;-0.047847;-0.056494;0.055488;-0.075704;-0.035562;0.049192;0.031745;-0.048385;0.088106;-0.049948;0.068613;0.080232;-0.020404;-0.065128;-0.012639;0.019005;0.098498
1020;0.054031;-0.04593;-0.180609;-0.058814;-0.004031;0.045852;0.054848;0.073864;0.083632;0.116619;0.021793;0.094956;0.100822;0.106797;0.005359;0.03284;0.018996;0.105119;-0.054864;0.100348;0.103741;0.222556;0.180699;0.158872;0.105197;0.078943;0.04376;0.149086;0.093318;0.049655;0.041198;0.090268;0.180726;0.216578;0.158689;0.051734;0.0721;0.071431;0.060964;-0.048989;0.016878;0.077982;0.023156;0.120634;0.009274;-0.037419;-0.044886;0.149709;-0.205839;-0.061359;-0.115825;-0.015821;-0.010179;-0.13795;-0.072841;0.061237;-0.223974;-0.097968;-0.012381;-0.186271;-0.082477;-0.031005;-0.009195;-0.029653;0.093542;-0.031649;-0.068244;-0.028989;-0.051076;-0.069646;0.042078;0.002537;0.074163;-0.057987;-0.086454;-0.163804;-0.149988;-0.208763;0.071768;0.135696;0.17973;-0.099081;-0.086546;0.002573;-0.027184;-0.055093;-0.056154;0.058079;0.023479;-0.097121;-0.097854;-0.103846;0.088432;-0.108687;-0.088287;-0.037236;0.12732;0.134037;-0.093933;-0.001372;-0.001353;-0.064037;0.066274
1021;-0.122589;0.023267;0.061576;0.185728;0.126303;0.185328;0.004127;-0.072778;-0.173437;-0.118738;-0.105125;-0.048937;0.049518;-0.024383;-0.002678;-0.099617;-0.091951;-0.217506;0.07403;0.048168;-0.02283;0.086715;-0.049944;0.010868;0.007036;0.040285;0.01867;-0.03416;0.020349;0.015637;0.03624;0.02776;-0.132376;-0.011684;0.117665;0.057971;-0.014806;-0.114125;0.035055;0.141521;0.143722;0.063909;0.021088;-0.002631;0.073981;0.1025;0.126258;-0.018364;0.009594;-0.013821;-0.052581;-0.083829;-0.120198;-0.008821;-0.069815;-0.152325;-0.035545;-0.04219;-0.035179;0.061961;0.032497;-0.007408;-0.070921;-0.074629;0.08408;0.093765;0.155031;0.154377;-0.095187;-0.045134;-0.101063;-0.146304;-0.075313;-0.119278;-0.126887;0.080471;0.121608;0.188943;0.102606;0.077739;0.169442;-0.036798;-0.04896;0.126461;0.003737;0.009656;0.080421;-0.005812;0.030604;-0.030736;-0.031008;-0.254643;0.050663;-0.29235;0.068303;0.049206;0.050137;0.081296;-0.028236;0.127954;-0.267052;0.08331;-0.045363
1022;-0.013469;0.050729;-0.005963;0.018707;-0.051087;-0.018537;-0.124552;-0.004972;0.06405;-0.097703;0.06293;0.051704;-0.068356;0.032537;0.026015;0.168279;-0.059641;-0.029451;0.024469;0.016154;0.0618;0.065882;-0.037889;-0.029014;-0.010324;0.028924;-0.104425;-0.040611;-0.061239;0.000951;0.016134;0.056548;-0.023336;-0.060201;-0.15575;-0.048265;-0.235189;0.000418;-0.076238;0.058873;-0.171036;-0.159595;-0.214812;0.013957;-0.116871;-0.125679;-0.225561;0.061564;0.202986;0.162287;0.043632;0.058564;0.043051;-0.010191;-0.067529;-0.021503;0.085241;-0.043039;0.134122;0.105364;-0.014465;0.116295;0.116842;0.081611;-0.043221;-0.019274;-0.042978;-0.100262;0.104667;0.018514;0.031455;0.063773;0.035988;0.098314;-0.131646;-0.046123;-0.172281;-0.044412;0.229521;0.040117;-0.026972;-0.122223;-0.102932;-0.124053;0.24723;0.149965;0.112919;-0.003476;-0.148055;0.057592;0.09462;-0.074794;-0.107715;0.025305;0.024661;0.132752;-0.133852;-0.132781;0.116712;0.044011;-0.129547;0.176348;0.012899
1023;0.04881;-0.033056;-0.008437;-0.006952;0.01301;0.005221;0.058473;-0.004319;0.003355;0.002677;0.02694;-0.070272;0.007329;-0.054193;0.059826;-0.026682;0.112642;-0.015542;0.041713;-0.031075;-0.015742;-0.101951;-0.045669;-0.047256;-0.115799;-0.08452;0.012073;-0.109787;-0.073384;0.065042;0.083566;-0.146828;-0.091451;-0.116481;-0.051379;0.045469;0.083167;0.043752;0.057424;0.021226;0.051728;0.085702;0.121763;-0.003068;0.059577;0.084415;0.082316;-0.004465;0.098957;0.057876;0.083257;0.064708;0.054649;0.090856;0.106871;0.01744;0.059176;0.000512;-0.076937;-0.055629;-0.207138;-0.231408;-0.131221;-0.251381;0.200711;0.077047;0.096875;0.067814;-0.044811;-0.145399;-0.194855;-0.183023;0.065436;0.224207;0.09777;0.024822;0.09093;0.014546;-0.030367;-0.016661;-0.081916;-0.098031;-0.022862;0.113787;0.140738;-0.077809;0.023819;-0.081492;-0.087721;0.076698;-0.057028;-0.0442;0.2749;0.009507;-0.080229;-0.028682;0.295476;0.178848;0.093288;-0.026719;-0.088379;-0.064062;-0.160415
1024;0.050876;-0.015694;0.001983;-0.026192;0.037147;-0.028002;0.03203;0.010531;-0.003198;-0.035565;-0.079418;-0.050677;0.03078;0.029801;-0.036147;-0.068156;-0.008562;-0.114671;0.003233;0.022064;-0.000995;-0.092558;-0.053286;-0.136493;-0.066914;-0.109186;-0.053818;-0.086298;-0.018231;-0.080018;-0.028523;-0.091436;0.098784;0.068964;0.042901;-0.084685;-0.076009;-0.030034;0.016501;-0.074268;-0.221591;-0.017759;-0.008534;0.048449;-0.00682;0.011969;0.023988;-0.195104;0.008314;0.216934;0.237789;0.291336;0.15043;-0.345043;0.266791;0.043622;0.020927;0.024219;-0.017313;-0.039833;0.026034;-0.023487;0.033396;0.00249;-0.00546;-0.050672;-0.047503;-0.011257;0.014513;0.001676;-0.003198;-0.019255;-0.059419;-0.12069;-0.093942;-0.054129;-0.025363;-0.038689;0.005808;-0.117461;-0.134054;-0.152504;0.052657;0.109719;0.05186;0.211861;-0.133054;-0.002811;0.062277;0.035455;0.133634;0.084815;-0.008327;0.136235;-0.131889;-0.092977;-0.129028;-0.12808;0.095426;0.014346;0.222021;-0.119769;0.002629
1025;0.410458;0.067626;-0.061898;-0.18746;-0.097501;-0.02574;-0.113171;0.001252;-0.244566;0.046203;0.074323;0.095701;0.026012;0.046552;-0.101385;0.122309;-0.028565;0.091258;-0.034505;0.006837;0.028965;0.001426;0.016125;0.043382;0.009349;-0.055732;-0.142103;-0.051539;0.005033;-0.083685;-0.108543;-0.049897;-0.139696;-0.06401;-0.176489;-0.208194;-0.140014;-0.122706;-0.088854;0.020401;-0.136454;-0.157227;-0.121124;0.078105;0.174577;0.231097;0.228782;0.035467;0.012949;0.006739;0.033679;0.037673;0.033417;-0.014315;0.052391;0.012571;0.018836;0.026276;-0.03889;-0.029883;0.022105;0.004771;-0.101166;0.068461;-0.134446;0.022739;0.028525;0.108912;-0.037984;0.016624;0.056517;-0.022732;0.083407;0.083311;0.051297;0.103122;0.014508;0.042894;0.026684;0.021165;0.134746;-0.056316;0.208822;-0.098526;-0.007634;-0.040166;0.060524;0.054462;-0.079489;-0.059964;-0.080359;-0.074694;0.089761;-0.07159;-0.072582;-0.067992;-0.071761;0.098431;-0.067701;0.095868;-0.080026;0.016951;0.026338
1026;-0.01771;0.04435;0.021843;-0.020709;-0.014298;-0.019541;-0.112141;-0.033395;-0.117732;-0.112592;0.044639;0.002186;0.041209;0.013485;-0.063338;-0.068113;-0.093993;-0.099689;0.1731;0.135821;0.123238;0.036006;-0.118145;-0.202512;-0.176085;-0.181518;-0.075603;-0.137631;-0.210146;-0.079378;0.034235;-0.051662;-0.006277;0.085824;-0.004196;-0.078066;-0.098424;-0.041992;-0.003196;-0.094992;-0.032073;-0.040503;-0.091187;0.017653;-0.058827;-0.125645;-0.057309;-0.044027;0.089645;0.049858;0.001549;0.053759;0.126503;0.003878;-0.13347;0.060753;0.022141;-0.050884;0.08955;0.27851;0.163369;0.028315;0.05528;0.046245;-0.123046;-0.14834;-0.037975;0.002046;-0.030419;0.056429;0.107261;-0.019723;-0.090662;-0.084353;0.007959;0.051188;-0.054467;0.083447;0.256046;-0.054315;-0.047031;-0.081223;-0.059429;0.259429;-0.066958;-0.062538;-0.023784;0.24733;-0.02788;-0.074044;-0.061707;-0.065593;-0.056741;-0.037162;-0.034789;0.13418;-0.06067;-0.035628;-0.008633;0.266263;-0.003304;-0.020575;-0.067007
1027;0.088948;0.028346;0.246782;0.032367;0.299241;0.156047;0.182216;-0.014479;0.083393;0.048954;0.194001;-0.003988;0.00898;-0.046809;0.171417;-0.001842;0.121107;-0.057741;0.050636;-0.141079;-0.113581;-0.003548;-0.129554;-0.208976;-0.163198;-0.217407;-0.148396;-0.136772;-0.067865;0.026955;-0.083458;-0.203441;-0.022626;-0.064701;0.063365;0.069683;0.055988;0.026384;-0.030885;-0.206294;-0.088994;-0.026844;-0.012537;-0.108909;0.077311;0.032993;0.087539;-0.165071;-0.06297;-0.039962;-0.101873;-0.130609;-0.086577;0.046112;-0.133848;-0.018455;0.087939;0.050951;-0.140957;0.053131;0.070652;0.058878;0.007824;-0.112116;-0.089338;0.076188;0.000476;-0.014816;0.123253;0.173751;-0.022741;-0.061632;0.115129;0.05839;-0.08551;0.008064;0.098606;0.204249;0.140777;0.002939;-0.01626;-0.030907;-0.013901;-0.044489;0.000011;0.002402;-0.008207;-0.026528;-0.017917;-0.035336;-0.026064;-0.010917;-0.018915;-0.003585;-0.010984;-0.01413;-0.013932;0.015646;0.002129;-0.031976;-0.012784;0.025583;0.118991
1028;-0.044581;-0.140449;0.012281;-0.050694;0.004932;-0.114107;-0.007125;0.136249;-0.070084;-0.005677;-0.062744;0.07902;-0.065075;-0.046603;-0.002107;0.044676;-0.027295;0.198761;0.097481;-0.114248;-0.108306;-0.002539;-0.105418;-0.010521;0.005959;0.169324;0.165829;0.104709;-0.119161;0.14663;0.158975;0.019958;0.060802;0.02571;0.049889;0.022075;0.031794;-0.009257;0.020995;-0.027252;-0.036218;0.027293;0.019106;-0.106082;0.022349;-0.010709;0.018461;-0.05862;0.013693;0.025116;0.11221;0.175084;0.139085;-0.036763;0.146806;0.102984;0.045958;0.006851;-0.048015;-0.06037;-0.068442;-0.051064;-0.017121;-0.13519;0.095312;-0.108151;0.039495;0.023245;-0.093568;-0.219905;-0.198829;-0.213347;0.065359;-0.001159;-0.017144;0.047859;0.036557;-0.037875;-0.091106;-0.037215;-0.033974;0.073459;-0.05461;-0.080399;-0.045115;-0.044711;-0.048274;-0.057855;-0.058429;0.143927;0.009465;0.014784;-0.061712;-0.050835;0.365074;-0.049221;-0.052682;0.050316;0.21921;-0.06219;0.303055;-0.02893;-0.144898
1029;-0.10318;0.00504;0.059157;0.049762;0.010739;0.016901;-0.055956;-0.029452;-0.011513;0.031265;0.013191;-0.000694;-0.031753;-0.003155;0.006657;0.004496;-0.010462;-0.030297;-0.113615;0.053034;-0.00129;0.021844;0.02152;0.050716;0.024257;0.027112;-0.002268;0.022706;0.009847;-0.033266;0.043511;0.044433;0.025348;-0.043721;-0.04104;0.016266;0.008606;-0.021042;-0.062721;-0.092034;-0.092278;-0.019327;-0.037993;-0.044339;-0.067295;-0.105075;-0.072392;0.044154;-0.167771;0.087198;0.185168;0.203114;0.249435;-0.308556;0.217084;0.201484;-0.171769;0.031639;-0.007299;0.077518;0.082109;0.059896;0.095547;0.036264;-0.045423;-0.070558;0.026234;0.016797;0.005778;-0.075565;0.002676;0.026618;-0.00761;-0.078157;-0.144792;-0.14158;-0.113491;-0.132168;-0.052498;-0.049884;-0.030909;-0.078407;-0.071066;0.238142;-0.034179;-0.014436;-0.066324;0.258628;-0.051711;0.290261;0.270231;-0.045036;-0.044339;-0.05156;-0.018946;0.178532;-0.063742;-0.070051;-0.043814;-0.080606;-0.078073;-0.040441;-0.142911
1030;0.118675;-0.022918;0.134274;0.058293;0.150899;0.021087;0.043503;0.113126;0.117559;0.149763;0.193574;0.157499;0.108614;0.155942;0.183597;0.168611;0.098855;0.045446;-0.035749;0.023393;0.024883;0.088557;0.114426;0.006614;0.089143;0.118095;0.116977;0.071609;-0.07356;0.051046;0.038208;0.000375;-0.014863;-0.028812;0.017051;0.055934;0.099796;0.083541;0.059999;-0.001365;-0.00006;0.037667;0.029286;-0.011204;0.001575;-0.026053;-0.036192;0.025148;-0.109323;-0.132816;-0.108862;-0.101717;-0.017072;0.06827;-0.015453;0.101782;-0.142825;-0.163348;0.083249;-0.031725;-0.206789;-0.131944;0.000902;-0.006132;-0.184613;-0.07409;-0.041781;-0.05415;0.103701;-0.126897;0.019845;-0.061453;0.0653;0.042691;0.063021;0.11463;0.091729;-0.114777;-0.102773;0.147453;0.242173;-0.058244;-0.064648;-0.136606;-0.036458;-0.115202;-0.00226;-0.107458;-0.116698;-0.122976;-0.048568;-0.021412;0.165586;-0.012664;0.066314;-0.082249;0.202032;0.212659;-0.019967;-0.041032;-0.027888;-0.0929;0.001052
1031;0.109331;0.102431;0.073135;0.102413;0.061052;0.027183;0.059467;0.048664;0.086339;-0.027195;-0.021327;-0.000874;0.127287;0.088275;0.036881;0.003746;0.062219;-0.00167;0.056916;-0.069205;-0.047695;-0.008849;-0.073415;0.283261;-0.014649;-0.185848;-0.163906;-0.230406;-0.033185;-0.139704;-0.143763;-0.211369;-0.107903;0.033822;-0.011236;-0.059245;0.026522;-0.101865;0.02366;-0.085189;-0.061879;0.04119;-0.12315;0.017756;-0.071437;-0.0815;-0.096107;-0.09615;0.030559;-0.01387;-0.031154;-0.040458;-0.060653;0.118823;-0.060187;-0.084899;0.005864;0.00419;0.040656;0.053109;0.092378;0.117072;0.02975;0.116028;-0.079623;0.042726;-0.12461;-0.126594;-0.003268;0.149941;0.086822;0.067945;-0.044354;-0.009716;0.149902;-0.034711;0.041349;0.046302;0.088922;-0.030458;-0.046406;-0.06042;-0.047164;0.071939;-0.037249;0.345092;-0.040608;-0.050556;-0.05019;0.12253;-0.061828;0.223019;-0.05396;-0.0423;-0.045083;-0.042075;-0.045235;0.287596;0.133925;-0.054327;-0.050149;-0.021549;-0.133607
1032;-0.208328;-0.080543;-0.042052;0.082764;-0.040777;0.130331;-0.044402;0.043276;-0.097796;0.04631;-0.110357;-0.012121;-0.042386;0.032962;-0.012988;0.03488;0.04162;0.061226;-0.040799;0.026498;0.319833;0.04332;0.091944;0.03939;0.056676;0.080084;0.063884;0.058543;0.13546;0.039202;0.025093;0.1059;-0.24554;-0.258847;-0.218022;-0.110889;-0.068307;-0.096953;-0.209163;-0.155268;-0.065135;0.000531;-0.009049;-0.075349;-0.074135;-0.124066;-0.067624;0.012794;0.129142;0.121765;0.091598;0.044013;0.070014;-0.032638;-0.009959;-0.057919;0.185237;0.086491;0.038478;0.02964;0.054078;0.05727;0.006926;0.064529;0.054002;-0.005361;0.023956;0.052094;-0.049788;-0.030643;-0.03715;-0.039757;0.005374;0.002358;-0.028069;0.001684;-0.018137;-0.017432;-0.041051;-0.075107;-0.097526;-0.114796;0.186416;0.119821;-0.083497;0.045489;-0.069367;-0.007788;0.005075;0.267764;0.259754;0.056782;-0.032069;-0.023774;-0.086312;-0.02126;-0.075722;-0.085851;0.142586;-0.040111;-0.075423;-0.086867;-0.044923
1033;-0.053162;-0.031451;-0.257789;-0.001722;-0.058235;0.030691;0.103511;0.160672;0.176802;-0.058199;-0.018487;-0.058262;-0.052764;-0.137442;-0.053259;-0.00011;0.134191;0.052728;0.164742;-0.011882;0.025648;-0.017078;0.109933;-0.056575;-0.174537;-0.208998;-0.078871;-0.039635;0.06347;-0.075011;-0.123936;-0.217438;0.157622;0.119385;0.045278;0.145615;0.104391;0.121067;0.016969;-0.073532;-0.049059;0.091936;0.029077;-0.074413;0.02467;-0.119918;-0.042081;0.014821;-0.131698;-0.032294;-0.034874;-0.073082;-0.06551;-0.203511;0.008435;-0.052816;-0.096071;-0.030215;-0.146056;-0.0578;0.068576;-0.100423;-0.137783;0.101508;-0.037261;-0.037687;-0.115926;-0.08426;0.030302;0.191716;0.185681;0.189625;0.089363;0.12486;0.157401;-0.02029;0.084338;0.179202;0.161024;-0.024678;-0.046575;-0.065043;-0.033824;0.006317;0.001415;-0.02054;-0.037607;-0.054698;-0.041098;0.000884;-0.066422;0.013235;-0.04893;-0.034274;-0.044916;0.082822;-0.045728;0.020841;-0.002652;-0.006337;0.189163;-0.008337;0.108012
1034;-0.129306;0.055733;-0.098083;0.055397;-0.190963;-0.132604;-0.14145;-0.158511;-0.112748;-0.054493;-0.110666;-0.079001;-0.070925;-0.220607;-0.135973;-0.207489;-0.062754;-0.208551;0.15096;-0.069093;-0.040343;-0.213067;-0.095568;-0.045894;0.04119;-0.015885;-0.052956;-0.029045;0.156568;0.026747;-0.026066;-0.023985;0.053149;0.053172;0.091605;0.072414;0.00809;-0.012347;0.131566;0.173483;0.071191;0.005152;-0.012944;0.025819;0.055946;0.050845;0.052401;0.046418;0.028536;0.045628;0.06651;0.024906;-0.044714;0.071169;0.004842;-0.164478;0.1627;0.177682;-0.015809;0.098885;-0.014573;-0.070066;0.016407;-0.069031;0.071917;0.186715;0.218505;0.212087;-0.256082;-0.139335;-0.127259;-0.12271;-0.058322;-0.131939;-0.148361;0.056057;0.069857;0.13091;-0.07692;0.032258;-0.015618;-0.032915;-0.012357;-0.051055;0.004073;0.006665;-0.003124;-0.028321;-0.018168;-0.030583;-0.033288;-0.011922;-0.03061;0.00243;-0.009233;-0.012832;-0.016162;-0.011023;-0.005517;-0.029457;-0.012452;0.030716;0.121658
1035;-0.02798;-0.010689;-0.008118;-0.006472;0.040561;0.077519;0.012408;0.107949;0.067632;0.015181;0.024186;0.008721;-0.066028;-0.136264;0.014049;0.076833;-0.068858;-0.033139;0.074552;-0.125466;0.039918;0.037653;0.131204;0.004544;0.019604;-0.02674;-0.122497;-0.160115;-0.089233;-0.213295;-0.179809;-0.177649;0.124047;0.101063;0.121225;0.037541;0.110562;0.095928;0.021209;-0.035699;-0.019753;0.093888;0.055946;-0.020247;0.079397;0.001118;0.062592;-0.03642;-0.077448;-0.038026;-0.066327;-0.108716;-0.115182;-0.084174;-0.138496;-0.057936;-0.068376;-0.079455;0.234576;-0.157596;0.014064;-0.042551;-0.099808;0.168783;0.077049;0.022393;-0.057244;-0.061918;-0.049356;0.195117;0.119708;0.163046;-0.00059;0.009743;0.098584;0.046434;0.066995;0.149832;0.003198;-0.065563;-0.084088;-0.014155;0.050385;0.007042;-0.077731;-0.078212;0.007327;-0.079523;0.132468;0.139197;0.287921;0.34231;0.007355;0.058613;-0.082273;-0.077059;-0.02522;-0.081106;-0.073762;-0.091077;-0.083113;-0.062445;-0.004309
1036;-0.00369;-0.163943;0.052425;0.082785;0.140479;0.031729;0.122343;0.179426;0.030156;-0.12443;-0.060352;0.122073;0.109668;0.017543;-0.100461;-0.033939;0.142205;-0.044684;0.057887;-0.100361;-0.038075;-0.040341;0.098233;0.099212;-0.052081;0.012221;-0.04944;-0.104501;0.135604;-0.076606;-0.103415;0.019906;-0.130348;-0.098189;0.114457;-0.142011;-0.081805;-0.075779;-0.138292;-0.083115;0.00106;-0.104235;-0.157798;-0.221675;-0.15968;-0.182111;-0.156903;-0.222726;0.188286;0.191009;0.180798;0.063057;0.072458;0.022801;-0.05559;-0.145536;0.200685;0.194995;0.052862;-0.127942;0.000912;0.239345;0.08007;0.064882;0.088095;-0.012176;-0.042471;-0.013922;-0.07827;0.129377;-0.00358;-0.038968;-0.076643;0.000818;0.024886;-0.035014;-0.053108;0.012236;-0.162311;0.013396;-0.019118;-0.01597;-0.01897;-0.056677;0.006208;0.007041;-0.004603;-0.034003;-0.022164;-0.039474;-0.040014;-0.010127;-0.034943;-0.000094;-0.01747;-0.01372;-0.019405;-0.013493;-0.007213;-0.035237;-0.009956;0.04591;0.143635
1037;0.04042;0.112998;0.246561;0.133619;0.137061;0.050121;0.145183;-0.036451;0.129823;0.116361;0.081541;0.051293;0.076258;0.015775;0.101711;0.015493;0.124453;0.072933;-0.046338;-0.012246;0.008749;-0.021817;0.037771;0.018767;-0.054466;0.015709;0.051199;0.046426;0.077614;0.069004;0.037905;0.090291;-0.04721;-0.044944;0.021811;0.012033;0.029025;-0.009048;0.032452;0.026577;0.070506;0.013483;0.028889;-0.027302;0.104603;0.138703;0.162093;-0.001762;-0.1067;-0.150349;-0.044799;-0.012258;0.027281;-0.018854;0.103218;0.136959;-0.188367;-0.153707;-0.135878;-0.080673;0.08869;-0.067613;-0.147638;-0.111127;0.186344;-0.045488;-0.007894;-0.002777;-0.146221;-0.158607;-0.090019;-0.232396;0.032865;0.127224;0.022629;0.071599;0.13554;-0.04954;-0.117634;-0.028939;-0.047695;-0.070029;-0.053894;0.285832;-0.039849;-0.033927;-0.044685;0.242908;0.311989;-0.065334;-0.067036;-0.0479;-0.057138;-0.029156;-0.047915;-0.021351;-0.019542;-0.027802;-0.043709;-0.061916;-0.053406;-0.019184;-0.015448
1038;0.022473;0.03103;0.006858;-0.131989;-0.109734;-0.19095;-0.050632;-0.22294;-0.058992;-0.085061;-0.079908;-0.112259;-0.010782;-0.1345;-0.003666;-0.196875;0.037892;-0.110441;0.032514;-0.018488;0.067557;-0.004116;0.088236;0.074972;0.015159;-0.024321;0.070589;0.023214;0.022794;0.022604;0.048936;0.058637;0.139209;0.067831;-0.01333;0.049405;0.157345;0.16902;0.216309;0.071398;-0.012352;0.111189;0.14845;-0.198004;0.031078;-0.032819;-0.012609;0.096739;0.069422;0.026597;-0.039792;0.049326;0.077066;0.192714;-0.120144;0.096029;-0.047874;-0.16707;0.069004;-0.097781;-0.055184;-0.028828;0.001912;0.028012;-0.053482;-0.097267;-0.161828;-0.204508;-0.092141;0.031322;-0.123263;-0.015725;0.174605;0.235341;0.174402;0.119342;0.136643;-0.031681;-0.024518;-0.010009;-0.066214;-0.016942;-0.044662;-0.067818;-0.056679;0.028902;-0.03942;0.003494;-0.071342;-0.027816;-0.006828;0.120246;-0.070741;0.179872;-0.053564;-0.054315;0.111151;0.195669;-0.058165;-0.069819;-0.053177;-0.032328;0.073738
1039;-0.011413;-0.026539;-0.014883;0.103702;-0.089471;-0.001484;0.030421;-0.04454;-0.039627;0.224501;-0.161228;0.089593;-0.031618;-0.002649;-0.107924;0.007525;-0.055226;0.077581;-0.057591;-0.176143;0.10597;-0.106204;-0.204791;-0.134685;-0.029028;-0.039714;-0.050444;-0.018503;-0.037134;0.01053;0.082888;-0.112667;-0.020483;-0.049865;-0.042544;-0.027417;0.010175;0.092894;0.086142;0.098256;0.102646;0.15838;0.154157;0.252692;0.109542;0.122565;0.13175;-0.024618;-0.079163;-0.018128;-0.08566;0.011276;-0.034239;-0.012344;0.085639;0.069274;0.001214;0.005167;0.225856;-0.0234;0.018723;-0.044915;-0.122423;-0.08039;0.061868;0.028696;0.066973;-0.065338;-0.09754;-0.014988;-0.132108;0.036452;-0.193688;-0.181197;-0.056119;-0.009025;-0.043388;0.094393;0.016167;0.236492;0.195452;-0.054316;-0.046251;-0.071205;0.028376;-0.034534;-0.039001;0.086841;-0.049012;-0.062404;-0.061089;-0.044169;0.295154;-0.040267;-0.043888;-0.040931;0.222802;-0.044265;-0.038096;-0.053742;-0.048903;-0.01853;-0.137432
1040;0.011354;-0.016823;0.032882;-0.04533;0.002521;-0.101957;0.038274;0.090494;0.056755;-0.019684;0.029611;-0.073906;-0.06277;0.040405;0.061331;-0.014053;0.073641;-0.025728;-0.063417;-0.100368;-0.111966;-0.083981;-0.044824;-0.076822;-0.028147;-0.105455;-0.118596;-0.139236;-0.034466;-0.104481;-0.103367;-0.204637;-0.097886;-0.152665;-0.070763;-0.015945;0.047141;-0.00677;-0.052854;-0.111804;-0.073951;0.021639;0.045192;-0.177594;-0.013836;-0.061323;-0.058437;0.031288;0.073623;0.263177;0.323202;0.331641;0.349593;-0.298366;0.271829;0.114131;0.09614;0.000354;-0.049427;-0.007526;-0.018622;-0.100844;-0.034525;-0.051626;0.060389;0.000531;0.004612;-0.089849;-0.005397;-0.044143;-0.069994;-0.09737;0.015072;0.003174;-0.080376;-0.031228;0.004462;0.005228;-0.039687;-0.019003;-0.02443;-0.047358;-0.011331;-0.077309;-0.017908;-0.003627;-0.033217;-0.041469;-0.018246;0.003699;-0.003689;0.001032;-0.052823;0.041224;-0.023045;0.021441;-0.033678;-0.018185;0.007872;-0.042782;0.044297;0.009636;0.145328
1041;0.103869;0.054911;0.097194;-0.004437;0.042302;-0.080223;-0.012221;-0.170614;-0.138077;-0.053339;0.02955;0.06324;0.049877;0.033878;-0.037681;-0.216604;-0.130169;0.178008;-0.058004;-0.060237;-0.141258;-0.219092;-0.149918;-0.152872;-0.115309;-0.116628;-0.102014;-0.080607;-0.114984;-0.078597;-0.16863;-0.097754;-0.022614;0.15063;0.019507;0.102442;-0.04328;-0.157028;0.031831;-0.112988;-0.125578;-0.022464;-0.080333;-0.070354;0.018782;0.040283;-0.004514;-0.119119;0.057721;0.171577;0.149154;0.15755;0.131667;-0.099967;0.01881;-0.021247;0.114308;0.133517;0.012155;0.142412;0.005169;-0.011755;-0.011152;-0.005738;-0.103235;-0.023218;0.05471;-0.000754;0.022491;0.012525;0.130209;-0.047552;-0.060125;-0.034415;0.013543;0.07966;-0.06451;0.037764;0.017775;-0.043154;-0.050501;-0.080781;-0.05249;0.237417;-0.057281;-0.05641;0.007097;0.257811;-0.03584;-0.08023;-0.066364;-0.05528;-0.049438;-0.038726;-0.026694;0.144591;-0.055574;-0.038757;-0.019261;0.254732;-0.027262;-0.040859;-0.068244
1042;0.012954;-0.072304;-0.096264;-0.053984;0.053596;0.076172;0.115444;-0.035809;-0.119363;-0.069572;0.065749;0.115438;0.159772;0.130572;0.100755;0.053167;0.019401;-0.048252;-0.14953;-0.119296;-0.145268;-0.118946;-0.00825;0.056689;0.038033;0.002264;0.048328;0.109518;0.078367;0.111311;0.094142;0.074143;0.112777;0.162245;0.112978;0.143885;0.099646;-0.02009;0.149823;0.099607;0.104449;0.126112;0.054706;-0.057615;0.08025;0.08246;0.042234;-0.001419;-0.060179;-0.103277;-0.099565;-0.100721;-0.103109;0.059145;-0.058929;-0.028838;-0.094306;-0.144195;-0.014485;-0.062273;-0.036501;-0.031211;0.020554;-0.010049;0.039836;-0.067144;0.019908;0.08995;0.018916;-0.110229;-0.055315;-0.017256;0.023427;0.069427;0.090464;0.113549;0.114461;-0.053518;-0.059211;-0.032384;-0.050665;-0.066616;0.053286;-0.079165;0.13249;0.120351;-0.04387;-0.05578;-0.054862;0.02591;0.020477;-0.049539;0.043604;-0.045413;0.029936;-0.045868;-0.049435;-0.04954;-0.042832;-0.059931;0.572916;-0.021564;-0.0668
1043;0.114998;0.060359;0.071979;0.074698;0.109855;0.169085;0.071633;0.06042;0.064159;0.100041;0.107515;0.026339;0.114123;0.134895;0.182993;0.058537;0.202938;0.019608;-0.083831;0.067737;0.105707;0.120792;0.173038;0.153116;0.161405;0.179068;0.072051;0.037283;0.027818;0.058762;0.024938;0.036406;-0.01209;-0.001892;0.043659;0.068129;0.11533;0.098445;0.067201;0.01657;0.009461;0.042269;0.086962;-0.045859;0.004807;-0.010512;0.004613;0.076246;-0.111784;-0.154939;-0.101169;-0.048477;0.014504;0.049303;0.0705;0.16918;-0.20297;-0.202829;-0.012921;-0.088539;-0.261546;-0.161668;-0.058189;-0.158986;0.132259;0.069175;-0.00903;-0.106373;0.053689;-0.079605;-0.062472;-0.205972;0.074978;0.032794;-0.006556;0.082774;0.042201;-0.104234;-0.141495;0.240956;-0.027514;-0.06425;-0.028314;-0.082336;-0.0265;-0.02468;-0.025352;-0.051868;-0.048435;-0.066362;-0.065536;-0.04149;0.123813;-0.032239;-0.007243;-0.039314;0.114154;-0.04395;-0.008278;-0.058114;-0.047824;0.018045;0.109318
1044;-0.06827;-0.135794;0.012949;-0.036359;-0.014111;0.048418;-0.03763;-0.056362;-0.027352;-0.065348;0.024307;-0.038644;-0.168952;-0.225265;-0.113169;-0.158221;-0.104164;-0.11843;0.212788;0.12588;0.011522;-0.024997;-0.067871;-0.118755;-0.061278;-0.02045;-0.023639;-0.072186;-0.058013;0.038415;0.018617;0.026543;-0.08435;-0.036198;0.024261;0.053012;0.128908;0.082099;0.064226;-0.005529;0.04366;0.005283;0.097197;-0.027344;0.015864;-0.00681;0.026249;0.00326;0.066881;0.147897;0.048429;-0.054443;-0.094668;-0.097362;-0.116339;-0.250065;0.131302;0.254947;-0.141277;-0.022391;0.064;-0.076655;-0.043678;-0.128318;0.121061;0.052879;0.111485;0.162958;-0.047205;-0.106051;-0.122853;0.078816;-0.007996;-0.095709;-0.073957;-0.099281;0.046202;0.120138;0.091865;0.176551;0.182305;-0.058282;-0.060335;-0.117422;-0.055059;-0.063373;-0.084892;-0.074316;-0.079288;-0.109457;-0.106375;-0.06143;0.131611;-0.053608;0.189669;-0.061991;0.171123;0.17756;-0.071652;-0.06151;-0.041312;-0.03117;0.038833
1045;0.102568;0.087825;0.066325;0.028459;0.01411;0.029232;-0.030793;0.028425;0.038047;-0.083256;0.041998;0.051925;0.089802;0.076899;0.01032;0.051509;-0.04602;-0.032843;-0.025924;0.014836;-0.007076;-0.026385;-0.042742;0.005368;0.050647;-0.017452;-0.111683;0.002282;0.004628;-0.023286;-0.039092;0.026892;0.327858;0.045219;-0.097119;-0.418802;-0.060303;-0.046113;0.020972;-0.015386;-0.03428;0.097781;0.117695;-0.061307;0.014746;-0.083054;-0.147761;-0.047664;-0.019009;0.009446;-0.057782;-0.060865;-0.093871;-0.090942;-0.109391;-0.058854;0.003829;-0.021542;0.085486;0.061253;0.087034;0.008734;0.130192;0.084568;-0.0741;-0.10482;-0.05013;-0.147795;0.117057;0.033438;0.144597;0.149079;-0.016798;0.045365;0.086377;0.016145;-0.016338;0.048156;0.004925;-0.053602;-0.070854;0.189397;-0.070253;0.175229;-0.063877;-0.062825;0.068585;-0.072422;-0.076093;0.301583;0.24606;-0.061948;-0.055277;-0.069606;0.257575;-0.027142;-0.06867;-0.02386;0.024378;-0.077908;-0.055189;-0.00668;-0.125149
1046;-0.00444;0.089665;0.191645;0.166092;0.092742;-0.022406;-0.027389;-0.128861;-0.116323;-0.014518;0.001624;0.077909;0.084022;-0.121081;-0.004061;-0.080872;0.03869;0.034031;0.209305;-0.139675;-0.16084;-0.1503;-0.123183;-0.035728;-0.107603;-0.066628;0.027525;-0.01643;-0.20342;0.038722;0.013708;-0.065404;0.04158;0.009836;0.078923;0.0022;-0.019023;-0.059505;0.072254;-0.009841;0.0133;-0.039346;-0.087179;-0.262649;0.141148;0.044875;0.056703;-0.110472;-0.038861;-0.109115;-0.060457;-0.079455;-0.067141;0.130919;0.024951;0.030424;0.022978;0.001583;-0.019405;0.168531;0.112753;0.013014;-0.027701;-0.011159;0.070839;0.052698;0.11008;0.121507;-0.008163;0.042186;-0.002929;-0.068936;-0.121317;-0.1368;-0.07696;-0.077349;0.021938;0.111025;0.08773;-0.11616;0.022922;-0.030839;0.062759;0.131489;-0.134866;-0.115485;-0.05254;0.08342;-0.13891;0.146129;0.003133;0.172121;0.021283;-0.145936;-0.052776;-0.12079;0.26954;-0.092348;0.139463;0.040741;-0.107353;0.145903;-0.07818
1047;-0.031776;-0.090075;0.12043;0.093504;0.005781;-0.203254;-0.058835;0.082861;-0.024537;0.043531;0.054583;0.128828;-0.027281;-0.101313;-0.005165;0.021563;0.027057;0.098944;-0.015035;-0.1278;-0.115063;-0.034619;0.073191;0.043538;-0.03696;0.128058;0.115148;0.07504;-0.131117;0.018279;0.130715;-0.082172;0.037386;0.063362;0.006474;-0.094969;0.027833;0.004748;0.070631;-0.052515;-0.077592;0.055104;0.060279;-0.185101;0.17153;0.078462;0.10241;-0.069816;-0.020491;0.052446;0.000618;-0.088731;-0.091032;-0.067905;-0.067534;-0.182769;0.041739;0.112358;-0.246833;0.083786;-0.051028;-0.05226;-0.026046;0.051087;0.08516;0.022202;0.059639;0.002821;-0.166693;-0.195131;0.246186;-0.107911;0.078316;0.016967;-0.027004;0.106482;0.140918;0.039453;-0.088092;0.218524;0.244141;-0.036182;-0.060074;-0.10199;-0.042466;-0.048122;-0.025337;-0.098362;-0.067467;-0.053493;-0.052802;-0.125912;0.067143;-0.136811;0.114005;-0.031874;0.182187;0.195922;-0.05908;-0.055213;-0.078782;0.004231;-0.001556
1048;-0.020322;-0.064033;0.115864;-0.000834;0.097676;0.142865;0.105957;-0.012315;0.096994;0.017939;0.30476;0.035754;-0.082809;-0.002633;0.103408;0.020502;0.026995;-0.193029;0.064452;0.011166;0.039934;-0.143467;-0.164074;-0.225087;-0.136217;-0.061736;-0.020897;-0.165961;-0.178342;0.048011;-0.063586;-0.113459;-0.149601;-0.042131;-0.088436;-0.013057;0.035966;0.02053;0.001146;-0.103812;-0.009184;0.019297;0.014343;-0.110943;0.001493;-0.017859;0.037371;-0.250998;0.03372;0.047932;-0.049571;-0.079394;-0.147901;-0.107682;-0.076742;-0.093438;0.152201;0.223292;-0.107674;0.179591;0.116849;0.144378;0.148461;-0.065696;-0.050313;-0.083688;0.110359;0.096697;0.008921;0.142553;0.039066;0.067468;-0.044356;-0.07976;-0.03763;-0.114959;-0.00835;-0.005516;0.057187;-0.05843;-0.047488;-0.097812;0.103687;0.041272;0.037276;-0.039993;-0.072607;-0.062211;-0.057514;0.084456;0.129216;0.017475;-0.050575;0.154063;-0.037626;-0.036551;-0.076568;-0.00036;0.080223;-0.066825;-0.085213;-0.051597;0.090841
